{"cameraMode":{"drawMode":0,"name":"Shaded","section":"Shading Mode"},"sceneLighting":false,"audioPlay":false,"sceneViewState":{"m_AlwaysRefresh":false,"showFog":true,"showSkybox":false,"showFlares":true,"showImageEffects":true,"showParticleSystems":true,"showVisualEffectGraphs":true,"m_FxEnabled":true},"in2DMode":false,"pivot":{"x":-1.2428020238876343,"y":-1.2745835781097413,"z":-1.0674781799316407},"rotation":{"x":-0.11446315795183182,"y":0.8692302703857422,"z":-0.23805049061775208,"w":-0.41795632243156435},"size":2.4494898319244386,"orthographic":false}