{"cameraMode":{"drawMode":0,"name":"Shaded","section":"Shading Mode"},"sceneLighting":false,"audioPlay":false,"sceneViewState":{"m_AlwaysRefresh":false,"showFog":true,"showSkybox":false,"showFlares":true,"showImageEffects":true,"showParticleSystems":true,"showVisualEffectGraphs":true,"m_FxEnabled":true},"in2DMode":false,"pivot":{"x":0.022643325850367547,"y":0.7283621430397034,"z":0.7008951902389526},"rotation":{"x":-0.016174178570508958,"y":-0.9348111748695374,"z":0.3521958291530609,"w":-0.04293364658951759},"size":0.08950066566467285,"orthographic":false}